Workloads, Iterations Number, Attack Time (Days), Attack Time (Seconds)
1200_0.out, 100000, 627977, 7.2682523148148155
1200_50.out, 100000, 656669, 7.600335648148149
1200_100.out, 100000, 692771, 8.01818287037037
1200_150.out, 100000, 6983.36, 0.08082592592592593
1200_200.out, 100000, 7279.4, 0.08425231481481481
1200_250.out, 100000, 7513.08, 0.08695694444444445
1200_300.out, 100000, 96.7062, 0.0011192847222222223
1200_350.out, 100000, 99.1374, 0.001147423611111111
1200_400.out, 100000, 1.82583, 2.1132291666666666e-05
1200_450.out, 100000, 1.86098, 2.153912037037037e-05
1200_500.out, 100000, 1.8924, 2.190277777777778e-05
1200_550.out, 100000, 0.0663084, 7.674583333333334e-07
