Workloads, Iterations Number, Attack Time (Days), Attack Time (Seconds)
2400_0.out, 100000, 6.09069e+06, 70.49409722222222
2400_50.out, 100000, 6.60936e+06, 76.49722222222222
2400_100.out, 100000, 7.09355e+06, 82.10127314814815
2400_150.out, 100000, 7.71541e+06, 89.29872685185184
2400_200.out, 100000, 8.34612e+06, 96.59861111111111
2400_250.out, 100000, 9.10876e+06, 105.42546296296297
2400_300.out, 100000, 48952, 0.566574074074074
2400_350.out, 100000, 52673.1, 0.6096423611111111
2400_400.out, 100000, 56262.1, 0.651181712962963
2400_450.out, 100000, 60547.6, 0.7007824074074075
2400_500.out, 100000, 64473.8, 0.7462245370370372
2400_550.out, 100000, 413.182, 0.004782199074074074
2400_600.out, 100000, 432.668, 0.005007731481481482
2400_650.out, 100000, 454.618, 0.005261782407407407
2400_700.out, 100000, 477.788, 0.005529953703703704
2400_750.out, 100000, 502.079, 0.005811099537037037
2400_800.out, 100000, 4.16527, 4.820914351851851e-05
2400_850.out, 100000, 4.25041, 4.919456018518518e-05
2400_900.out, 100000, 4.39378, 5.085393518518518e-05
2400_950.out, 100000, 4.53144, 5.244722222222222e-05
2400_1000.out, 100000, 4.67214, 5.407569444444444e-05
2400_1050.out, 100000, 4.81054, 5.5677546296296295e-05
2400_1100.out, 100000, 0.0647827, 7.497997685185185e-07
